{
  "model": "lr",
  "max_features": 3000,
  "model_path": "/Users/laquoctrung/Downloads/2025.2/Machine Learning and Data Mining/SMS_Spam_Classifier/Model/Pipeline/lr_tfidf_3000_pipeline.joblib",
  "latest_model_path": "/Users/laquoctrung/Downloads/2025.2/Machine Learning and Data Mining/SMS_Spam_Classifier/Model/Pipeline/spam_pipeline.joblib",
  "dataset_summary": {
    "rows": 54295,
    "ham": 33809,
    "spam": 20486,
    "missing_text": 0,
    "duplicate_text": 0,
    "avg_text_length": 763.651422782945,
    "max_text_length": 5000
  },
  "metrics": [
    {
      "split": "train",
      "accuracy": 0.9608610567514677,
      "balanced_accuracy": 0.960553355945475,
      "precision_spam": 0.9383430822490152,
      "recall_spam": 0.9592994874298267,
      "f1_spam": 0.9487055699716372
    },
    {
      "split": "validation",
      "accuracy": 0.9515653775322284,
      "balanced_accuracy": 0.9513002858537265,
      "precision_spam": 0.9236242884250474,
      "recall_spam": 0.9502196193265008,
      "f1_spam": 0.9367332210728891
    },
    {
      "split": "test",
      "accuracy": 0.9438305709023941,
      "balanced_accuracy": 0.9427818361414207,
      "precision_spam": 0.9148430066603235,
      "recall_spam": 0.9385065885797951,
      "f1_spam": 0.9265237292218742
    }
  ],
  "test_confusion_matrix": [
    [
      3202,
      179
    ],
    [
      126,
      1923
    ]
  ],
  "test_classification_report": {
    "ham": {
      "precision": 0.9621394230769231,
      "recall": 0.9470570837030464,
      "f1-score": 0.9545386793858995,
      "support": 3381.0
    },
    "spam": {
      "precision": 0.9148430066603235,
      "recall": 0.9385065885797951,
      "f1-score": 0.9265237292218742,
      "support": 2049.0
    },
    "accuracy": 0.9438305709023941,
    "macro avg": {
      "precision": 0.9384912148686233,
      "recall": 0.9427818361414207,
      "f1-score": 0.9405312043038869,
      "support": 5430.0
    },
    "weighted avg": {
      "precision": 0.944292211799278,
      "recall": 0.9438305709023941,
      "f1-score": 0.9439672921140602,
      "support": 5430.0
    }
  },
  "training_seconds": 13.37
}